date,id,section,category,source_name,published_date,event_date,location,actor,title,summary,source_url,source_image_url,image_caption,what_happened,background,watch_point,work_hint,importance
"2026-07-02","20260702-01","work","印刷・製造業","PR TIMES","2026-07-02","2026-07-02","日本国内","株式会社JASP","JASP、循環型経済の実現に向けリサイクル工場と業務提携を開始","株式会社JASPは国内の再生プラスチック企業と連携し、高品質な再生プラスチック材料の販売・供給拡大で持続可能な資源循環社会構築に貢献します。","https://prtimes.jp/main/html/rd/p/000000012.000182734.html","https://prcdn.freetls.fastly.net/release_image/182734/12/182734-12-4d965fa436bba3cd60ddfc39807eac83-1841x1101.png?format=jpeg&auto=webp&fit=bounds&width=2400&height=1260","","JASPは使用済み家電やOA機器から回収したプラスチックを高純度・安定品質に再加工したリサイクル素材を提供し、原料から出荷まで品質管理と認証を徹底しています。","プラスチック廃棄物削減とカーボンニュートラル実現が製造業の重要課題であり、循環型経済促進に資するため高品質な再生プラスチック材料へのニーズが高まっています。","今後さらに再生素材の活用範囲が拡大し、環境負荷低減と製品開発が進む動向に注目です。","環境配慮型製造の提案や顧客向け環境価値訴求の資料作成に活用可能です。","4"
"2026-07-02","20260702-02","work","AI・テック","PR TIMES","2026-07-02","2026-07-02","東京都文京区","株式会社Mavericks","動画生成AI「NoLang」に北欧3言語追加 翻訳不要で北欧市場向け動画内製化を実現","株式会社Mavericksは動画生成AI「NoLang」にスウェーデン語・デンマーク語・フィンランド語を追加し、北欧向け動画制作を効率化しました。","https://prtimes.jp/main/html/rd/p/000000146.000129953.html","https://prcdn.freetls.fastly.net/release_image/129953/146/129953-146-5dafba8272652eddc11ba10ed4435034-1920x1080.png?format=jpeg&auto=webp&fit=bounds&width=2400&height=1260","","利用者は言語を選択するだけで日本語資料から現地語のナレーション付き動画を自動生成でき、翻訳会社やナレーターを介さずにコンテンツを内製化できます。","北欧は高いデジタル普及率を誇り、多言語コンテンツの重要性が増していますが、日本語・英語のみの発信では浸透に限界があります。","多言語対応の自動化によりグローバル発信力強化やコスト削減が期待され、他言語追加の動きも注目されます。","多言語動画制作や海外マーケティング提案などに役立つ新技術の一例として活用できます。","5"
"2026-07-02","20260702-03","work","AI・テック","PR TIMES","2026-07-02","2026-07-02","オンライン","LINEヤフー株式会社","LINEのトークルームでAIエージェント「Agent i」が質問・タスク支援する新機能提供予定","LINEヤフーがトークルーム内でAIエージェント「Agent i」を呼び出し、文脈理解による質問回答やタスク管理を支援する新機能を2026年内に提供します。","https://prtimes.jp/main/html/rd/p/000001754.000129774.html","https://prcdn.freetls.fastly.net/release_image/129774/1754/129774-1754-8e4cfddc58e9001c5ce7c37c692d1a1a-2400x1350.png?format=jpeg&auto=webp&fit=bounds&width=2400&height=1260","","利用者はトークルーム内でAgent iと自然な会話を行い、回答を共有しながら全員で確認や会話の広がりを実現。要約や費用割り勘、カレンダー登録支援など多彩な機能追加も計画中。","従来のチャット支援を超え、会話の文脈把握による業務・日常生活の効率化支援ニーズが高まっています。","今後の進化でコミュニケーションアプリ内のAI活用が拡大し、業務効率化・情報共有の新たな形を示します。","顧客対応や社内チャット連携に向けたAIアシスタント活用の参考になります。","5"
"2026-07-02","20260702-04","work","AI・テック","PR TIMES","2026-07-02","2026-07-23","オンライン","ギークス株式会社","ITエンジニア向け無料セミナー 「フルサイクルエンジニアが前提条件になる時代 ～AI時代のキャリア戦略～」開催","ギークスがAI時代に求められる企画から運用まで関わるフルサイクルエンジニアの重要性を解説するオンライン無料セミナーを7月23日に開催します。","https://prtimes.jp/main/html/rd/p/000000353.000000486.html","https://prcdn.freetls.fastly.net/release_image/486/353/486-353-77ff80d5d152b36cda44a586856d025c-1920x1080.png?format=jpeg&auto=webp&fit=bounds&width=2400&height=1260","","BASE株式会社の開発マネージャー斉藤氏が登壇し、Claude Code活用による少人数高速開発プロセスの実例も交えつつ、今後のエンジニアキャリア戦略を紹介します。","AI導入による開発自動化が進む中、単なるコーディングから脱却し全体最適の視点を持つエンジニアの育成が急務となっています。","技術力のみならず越境的な視点とオーナーシップを持つ人材が今後の組織を牽引する鍵となります。","開発組織の育成方針や人材評価基準の検討に役立つ情報を得られます。","4"
"2026-07-02","20260702-05","work","デザイン・UX","PR TIMES","2026-07-02","2026-07-27","オンラインウェビナー","株式会社ヴィス","日本オフィス学会主催 第65回JOS研究セミナーに登壇 オフィスデザインの今と未来を議論","株式会社ヴィスの小川執行役員が7月27日開催のJOS研究セミナーに登壇し、最新オフィスデザインコンセプトの現状と展望を解説・議論します。","https://prtimes.jp/main/html/rd/p/000000287.000058162.html","https://prcdn.freetls.fastly.net/release_image/58162/287/58162-287-38bf9d2018fb9c20ac8bf49b3a31e552-3900x2600.jpg?format=jpeg&auto=webp&fit=bounds&width=2400&height=1260","","第1部で現在のオフィス環境のコンセプト立案を紹介し、第2部のパネルディスカッションでは産学連携の視点から未来のオフィスデザインの方向性を探ります。","オフィスは企業文化や生産性を左右する経営資産として注目され、デザインコンセプトの進化が求められています。","経営層との対話を深め、本質的課題解決を目指すデザイン戦略の実践例として参考になります。","企画提案資料やプレゼンの内容強化に最新トレンドを反映させる際に活用可能です。","4"
"2026-07-02","20260702-06","society","国内情勢","NHK 政治ニュース","2026-07-02","2026-07-02","日本政府","政府","政府、海外からの直接投資呼び込む政策パッケージを決定","政府は海外ベンチャーキャピタルによる国内スタートアップの共同出資規制緩和などを盛り込んだ新たな直接投資呼び込み策を決定しました。","https://news.web.nhk/newsweb/na/na-k10015167191000","https://imgu.web.nhk/news/u/news/html/20260702/K10015167191_2607021503_0702160440_01_02.jpg","","政府は海外の投資を促進するため、規制を見直し海外資本が日本の革新的企業へ積極的に投資できる環境整備を進める政策パッケージを公表しました。","グローバル経済競争の激化に対応し、国内産業の活性化や技術革新促進のため海外資本誘致を強化する必要があります。","今後の具体的施策と規制緩和の効果を注視し、スタートアップ環境の変化を捉えることが重要です。","海外ビジネス展開や投資環境に対する理解促進、経営戦略検討に役立ちます。","5"
"2026-07-02","20260702-07","society","国内情勢","NHK 経済ニュース","2026-07-01","2026-07-01","日本","日本銀行","日銀短観で大企業製造業の景況感改善を確認 ものづくりの現場動向も注目","2026年7月1日発表の日銀短観で、大企業製造業の景況感指数が5期連続改善し、新規設備投資も進む一方、輸入遅延や価格高止まりへの懸念も残ります。","https://news.web.nhk/newsweb/na/na-k10015165321000","https://imgu.web.nhk/news/u/news/html/20260701/K10015165321_2607011542_0701192130_01_03.jpg","","日銀短観調査により、製造業の景況感が向上し好調を示した一方で、中東情勢の影響による石油製品輸入遅延やコスト増加の懸念が業界内に根強くあることも明らかとなりました。","世界経済環境や地政学的リスクがものづくり産業に影響する中、設備投資動向は今後の業績見通しに重要な要素となっています。","サプライチェーンの安定化やコスト管理策の進展、国内外の中長期的市場動向を注視する必要があります。","生産計画や調達戦略の見直し、新技術・設備投資の意思決定に活用可能です。","5"
"2026-07-03","20260703-work-4249e750","work","印刷・製造業","PR TIMES","2026-07-03","2026-07-03","東京都豊島区東池袋三","株式会社サムライソード","夏のご挨拶、今年はスマホで手軽に。コンビニで印刷できる『マイメッセージカード』に暑中見舞い向けデザインを公開","スマホで簡単にデザインを選びメッセージを入力、全国のコンビニで印刷可能な暑中見舞いカードの新デザインを公開。外出先でも手軽に季節の挨拶が可能です。","https://prtimes.jp/main/html/rd/p/000000300.000027316.html","https://prcdn.freetls.fastly.net/release_image/27316/300/27316-300-b97265a039eef874e884843f1be1b139-1920x1920.png?format=jpeg&auto=webp&fit=bounds&width=2400&height=1260","コンビニプリントサービス『マイメッセージカード』の暑中見舞いデザイン例","株式会社サムライソードは、スマホから選んだデザインでメッセージを作成し、全国のコンビニで印刷できる『マイメッセージカード』に暑中見舞い向けの新デザインを追加しました。","暑中見舞いは季節の挨拶として広く親しまれていますが、はがき購入や手書きの手間がネックでした。スマホとコンビニプリントを活用し、気軽に対応できるサービスとして注目されています。","今後、季節やイベントに合わせたカスタマイズ印刷の需要拡大が予想され、店舗イベントでの利用提案も期待されます。","小ロットや急ぎ需要に応えられるサービスの導入は、顧客接点の拡大や業務効率化に資すると考えられます。","4"
"2026-07-03","20260703-work-dcadcb69","work","AI・テック","PR TIMES","2026-07-03","2026-07-03","東京都渋谷区","株式会社Leadsia","電話を「受ける・かける・追う」3つの音声AIエージェントを提供開始 ― 申込当日に市外局番、最短3分で稼働","中小企業向けに電話業務を自動化する音声AIエージェント3種を開始。手軽に導入可能で、受付・営業・追客を効率化し、電話業務負担を大幅軽減します。","https://prtimes.jp/main/html/rd/p/000000001.000186220.html","https://prcdn.freetls.fastly.net/release_image/186220/1/186220-1-5003780201555bbbce9084463b5d3ea7-2400x1260.png?format=jpeg&auto=webp&fit=bounds&width=2400&height=1260","Leadsiaの音声AIエージェントイメージ","株式会社Leadsiaは、電話の受付、発信、追客を担う音声AIエージェント「SOPHIA」「ALICE」「LYDIA」を開発・提供開始しました。市外局番番号が即日発行され、最短3分で稼働可能です。","中小企業では電話対応が人手不足や時間確保の課題となっており、AIを活用した自動化技術の需要が増加しています。導入の容易さと即時稼働が特徴です。","AI電話応対の普及は顧客接点の24時間化や営業効率向上に寄与し、業界全体のDX推進の鍵となります。","電話関連の業務自動化を進めることで、人的リソースを戦略的業務へ集中できる体制構築が可能です。","5"
"2026-07-03","20260703-work-a217f787","work","デザイン・UX","PR TIMES","2026-07-03","2026-07-03","東京都港区","株式会社モンドデザイン","一瞬でカードサイズに収納できる新構造のエコバッグ「THE CARD BAG」7月3日より予約販売開始","カードサイズに折りたためるコンパクトかつ大容量のエコバッグが発売。日常携帯の利便性と実用性を両立した新デザインがSNSで話題です。","https://prtimes.jp/main/html/rd/p/000000082.000026462.html","https://prcdn.freetls.fastly.net/release_image/26462/82/26462-82-8ca25c2745640c4e36c08cfdff13b9d5-1920x1280.jpg?format=jpeg&auto=webp&fit=bounds&width=2400&height=1260","THE CARD BAGの折り畳みイメージ","株式会社モンドデザインは、約1.2kgの薄型軽量で、3ステップでカードサイズに折り畳めるエコバッグ『THE CARD BAG』の予約販売を開始しました。胸ポケットなどに収まる携帯性と2リットル4本分の容量が特徴です。","エコバッグ利用者の持ち運び忘れ防止に着目し、携帯性に優れ、スムーズに折り畳める新構造を追求。素材の選定や縫製も繰り返し改良しました。","携帯性とデザイン性の両立により、日常使いのエコバッグ市場での差別化とユーザー満足度向上が期待されます。","デザインとUX面を強化し、店舗イベントや販促品としての応用も可能です。","4"
"2026-07-03","20260703-work-585be0cc","work","印刷・製造業","PR TIMES","2026-07-03","2026-07-03","大阪府箕面市","おたふく手袋株式会社","創業100年のおたふく手袋、機能性ウェアで進化。ペルチェ市場参入で新成長軸","創業100周年を迎えたおたふく手袋は、作業用手袋から機能性インナーやワークシューズまで多角的に展開。ペルチェ式ウェア市場参入で暑熱対策製品を強化しています。","https://prtimes.jp/main/html/rd/p/000000048.000091944.html","https://prcdn.freetls.fastly.net/release_image/91944/48/91944-48-2cb0d8774f9f5e140f47a1d0855048c0-640x480.jpg?format=jpeg&auto=webp&fit=bounds&width=2400&height=1260","おたふく手袋の機能性インナーウェア","おたふく手袋は、2026年に創業100年を迎え、機能性ブランドを拡充するとともに、2025年からペルチェ式冷却ウェア市場に参入し、新たな成長戦略を推進しています。","同社は1926年に手袋製造から始まり、時代のニーズに対応しつつ製品領域拡大を継続。市場ニーズである暑熱対策や快適性にフォーカスした商品開発を進めています。","高機能素材や冷却技術の採用が今後のワークウェア業界の競争優位に資する可能性があり、今後の製品展開に注目です。","製造業の現場ニーズを反映した製品企画は、販路開拓やブランド価値向上に寄与します。","4"
"2026-07-03","20260703-work-7aec27c9","work","AI・テック","PR TIMES","2026-07-03","2026-07-03","東京都豊島区","株式会社AI Orchestra","AIの学校AI Crew、経営者・個人事業主・士業のためのAIエージェント実装メディアを開設 ─ 代表自らClaude Code・Codexで運営し、開設1ヶ月で記事29本を公開","プログラミング未経験者向けにAIエージェント活用法を実践的に解説するメディアを開設。経営者などの実例をもとに業務へのAI導入ノウハウを共有しています。","https://prtimes.jp/main/html/rd/p/000000022.000060548.html","https://prcdn.freetls.fastly.net/release_image/60548/22/60548-22-3e525746cda35d7037d4ebc0ffd8e457-1536x1024.png?format=jpeg&auto=webp&fit=bounds&width=2400&height=1260","AIの学校AI CrewのWEBサイトイメージ","株式会社AI Orchestraが運営するAIの学校AI Crewは、代表自ら実践しながら経営者や士業向けにAIエージェントの実装事例や操作方法を解説するメディアを公式サイト内に開設し、1ヶ月で29本の記事を公開しました。","生成AIの関心が高まる一方で、非エンジニアの利用者の技術習得には障壁があり、情報不足による挫折も多い状況です。実務者視点の具体的事例を提供することが目的です。","AI導入の実践的事例共有は、利用拡大と効果的活用促進に重要であり、他業種でも参照価値が高まると予想されます。","同様のメディアや教育プログラムを企画・実施する際のモデルとして活用でき、社内研修にも応用可能です。","4"
"2026-07-03","20260703-society-07685c55","society","国内情勢","NHK 主要ニュース","2026-07-03","2026-07-03","債券市場","不特定多数の投資家","長期金利 約29年ぶり一時2.81％に上昇 インフレ加速観測などで","7月3日の債券市場で長期金利が29年ぶりの高水準2.81％まで上昇。日銀の利上げ遅れやインフレ加速観測が背景で、国債売却が活発化しています。","https://news.web.nhk/newsweb/na/na-k10015167801000","https://imgu.web.nhk/news/u/news/html/20260703/K10015167801_2607030934_0703094705_01_02.jpg","債券市場の動きを示すチャート（イメージ）","3日、債券市場で長期金利が一時2.81％に上昇し、約29年ぶりの高さを記録しました。インフレ加速予想や日銀の利上げ鈍化見込みが国債の売り圧力を高めています。","長期金利は経済状況や金融政策期待の影響を受けやすく、今回の上昇は市場の金利上昇見通しの変化を反映しています。インフレ加速は物価上昇の持続性を示唆します。","今後の日銀の政策方針やインフレ動向は長期金利にさらに影響し、企業の資金調達コストや住宅ローン金利にも波及するため注視が必要です。","金融情勢の変化は国内経済や事業の資金調達環境に影響するため、企画や資金管理に反映してください。","4"
"2026-07-03","20260703-society-868da63c","society","国内情勢","NHK 政治ニュース","2026-07-03","2026-07-03","日本、インド","高市総理大臣、モディ首相、日本企業","日印首脳会談で2兆円規模の投資発表 国内経済活性化の狙い","7月2日、日印首脳会談で日本企業による約2兆円規模のインド投資が発表され、約130件の企業間協力文書も公開。国内経済の活性化を目指します。","https://news.web.nhk/newsweb/na/na-k10015167611000","https://imgu.web.nhk/news/u/news/html/20260703/K10015167611_2607030059_0703055001_01_02.jpg","日印首脳会談の様子（イメージ）","高市総理大臣はモディ首相と会談し、日本企業による2兆円規模のインド投資を含む企業協力文書130件を発表しました。インド市場への投資促進を通じ国内経済の活性化を図ります。","巨大市場のインドは日本企業にとって重要な成長拠点であり、政府間の連携強化が企業活動促進と経済成長に寄与すると期待されています。","両国の経済連携強化は今後の貿易・投資動向に影響を与え、関連企業の海外展開戦略に注目が集まります。","インド市場を念頭に置いた企画や製品開発、投資戦略を検討すると効果的です。","4"
"2026-07-06","20260706-work-eab15b6b","work","デザイン・UX","PR TIMES","2026-07-06","2026-07-06","東京都","アドビ株式会社","企業向けにクリエイティブワークフローを自動化する「Adobe Firefly Graph」と「Workflow Builder」を提供開始","アドビが企業向けにクリエイティブ制作の自動化を可能にする生成AIツールを導入し、効率的で一貫性のあるコンテンツ作成を支援します。","https://prtimes.jp/main/html/rd/p/000000554.000041087.html","https://prcdn.freetls.fastly.net/release_image/41087/554/41087-554-88159fe888e6bcef63033926c9d7ecfc-2000x1000.jpg?format=jpeg&auto=webp&fit=bounds&width=2400&height=1260","","2026年7月6日、アドビ株式会社は企業向けにクリエイティブワークフローを自動化する「Adobe Firefly Graph」と「Workflow Builder」を発表しました。","急増するコンテンツ需要に対応するため、制作の効率化が求められており、多くの企業が生成AIを導入しつつも全社展開には課題を抱えています。","制作プロセス全体の自動化とノウハウ共有が可能となるため、企業のクリエイティブ制作最適化に期待が寄せられています。","デザインや資料作成業務でのAI活用を検討している企業の担当者は注目すべき新ツール。","5"
"2026-07-06","20260706-work-ec367e28","work","ゲーミフィケーション","PR TIMES","2026-07-06","2026-07-06","大阪市","ラトックシステム株式会社","AmazonプライムデーでHDMI切替器などゲーム/PC周辺機器60点以上が特別価格に","ラトックシステムがAmazonプライムデーで人気のゲーム・PC周辺機器を最大30%オフで提供。ゲーミフィケーション活用や業務効率に活用可能。","https://prtimes.jp/main/html/rd/p/000000376.000023921.html","https://prcdn.freetls.fastly.net/release_image/23921/376/23921-376-a5fae9ab1f8490c0d3c874be8f37a7c1-1000x500.jpg?format=jpeg&auto=webp&fit=bounds&width=2400&height=1260","","2026年7月7日から13日までの期間、同社はHDMI切替器を含む60以上のゲーム/PC周辺機器を割引価格で販売します。","複数機器の切替を簡単にする製品で、ゲームの快適なプレイやマルチ操作を実現し、ゲーミフィケーション等に有用です。","高リフレッシュレート対応やノイズキャンセリング機能搭載モデルもあり、実際の使用シーンやニーズに合わせた選択が可能。","ゲーミフィケーション企画や社内外イベントの技術導入検討時に視野に入れると良い製品群。","4"
"2026-07-06","20260706-work-0a09eb52","work","印刷・製造業","PR TIMES","2026-07-06","2026-07-06","埼玉県富士見市","EDIFIER JAPAN","Amazonプライムデーで人気オーディオ製品を最大約50％OFF販売","EDIFIER JAPANがプライムデーでワイヤレスイヤホンやヘッドホンなど高性能オーディオ製品を最大50％オフで販売し、音響業務の効率化に貢献。","https://prtimes.jp/main/html/rd/p/000000064.000083226.html","https://prcdn.freetls.fastly.net/release_image/83226/64/83226-64-719c712d67dd1b458387d3e3229406f6-1920x1080.png?format=jpeg&auto=webp&fit=bounds&width=2400&height=1260","","2026年7月7日から13日まで、同社は音楽制作やリスニングに使える幅広いオーディオ製品を割引販売します。","音楽制作や資料作成に不可欠な高音質環境づくりのニーズが増加しており、コスト削減と性能向上を両立。","DTMやデジタルコンテンツ制作現場での導入事例が期待され、作業効率向上に寄与します。","企画・提案資料作成やプレゼン環境のアップグレード検討に活用可能。","4"
"2026-07-06","20260706-work-59409bf4","work","印刷・製造業","PR TIMES","2026-07-06","2026-07-06","東京都千代田区","株式会社No.1","中小企業の採用活動に特化した人手不足対策サービス「採用アシスタント」を拡充、3新サービス提供開始","株式会社No.1が中小企業の採用活動を支援する「採用アシスタント」を強化し、SNS就活対応や採用サイト構築、受電代行サービスを開始。","https://prtimes.jp/main/html/rd/p/000000101.000055597.html","https://prcdn.freetls.fastly.net/release_image/55597/101/55597-101-a60cc00c06825e90a4a7a834005d256f-1763x979.png?format=jpeg&auto=webp&fit=bounds&width=2400&height=1260","","2026年7月6日、同社は主力の採用支援サービスを進化させ、Instagram運用代行やWix活用の採用サイト制作、応募者対応のための電話代行を新たに提供開始しました。","人手不足倒産が増加する中、小規模企業の採用活動効率化が急務で、迅速かつ丁寧な応募者対応の重要性が増しています。","SNS活用やデジタルツール導入で若者採用の質を高め、応募辞退防止に役立つサービスとして期待されます。","印刷業や店舗イベント企画における人材確保や社内外広報活動の効率化に注目。","5"
"2026-07-06","20260706-work-cdcfc82f","work","AI・テック","PR TIMES","2026-07-06","2026-07-06","東京都文京区","株式会社Mavericks","動画生成AI「NoLang」にトルコ語対応を追加、翻訳会社を介さずトルコ市場向け動画内製可能に","株式会社Mavericksが動画生成AI「NoLang」にトルコ語出力を導入し、トルコ市場向け動画制作を外注なしで迅速化。","https://prtimes.jp/main/html/rd/p/000000149.000129953.html","https://prcdn.freetls.fastly.net/release_image/129953/149/129953-149-8b5fe6447353d16cf86e83d2f5380b52-1920x1080.png?format=jpeg&auto=webp&fit=bounds&width=2400&height=1260","","2026年7月6日、同社は「NoLang」の出力言語にトルコ語を追加。日本語から直接トルコ語ナレーション・字幕付き動画を生成可能となりました。","トルコは急成長するEC市場ですが言語の壁があるため、高速でコスト効率の良い現地向け動画制作ニーズが高まっています。","翻訳・ナレーション手配の煩雑さ解消により、多言語カスタマイズ動画制作の効率化に貢献します。","越境ECや多言語市場向けコンテンツ企画・提案に有用なAI活用事例です。","5"
"2026-07-06","20260706-society-836a67a7","society","国内情勢","NHK 主要ニュース","2026-07-06","2026-07-06","太平洋公海上","中国海軍","中国軍が太平洋の公海上で潜水艦発射型戦略ミサイルの発射実験を実施","中国海軍は戦略原子力潜水艦から訓練用模擬弾頭を搭載した戦略ミサイルの発射実験を行い、公海上に着弾させました。","https://news.web.nhk/newsweb/na/na-k10015169931000","https://imgu.web.nhk/news/u/news/html/20260706/K10015169931_2607062040_0706204721_01_03.jpg","","2026年7月6日午後1時すぎ、中国海軍は戦略原子力潜水艦から戦略ミサイル1発を発射し、太平洋の公海上に着弾させたことを発表。","日本政府は中国から事前に弾道ミサイル発射の説明を受けており、中国の軍事活動の活発化について深刻な懸念を伝えました。","地域の安全保障環境に影響を与える可能性があり、周辺国の動向にも注視が必要です。","国際情勢の把握や関連産業への影響分析に重要な情報です。","5"
"2026-07-06","20260706-society-b6a4ffb7","society","国内情勢","NHK 主要ニュース","2026-07-06","2026-07-06","国会","参議院決算委員会","高市首相の国会対応や安全保障政策などを巡り参議院決算委員会で論戦","2026年7月6日、参議院決算委員会が開かれ、高市総理大臣の国会対応や安全保障関連文書の改定、皇族数確保に向けた改正案などについて議論が行われました。","https://news.web.nhk/newsweb/na/na-k10015170011000","https://imgu.web.nhk/news/u/news/html/20260706/K10015170011_2607061740_0706182737_01_02.jpg","","委員会では政府与党と野党がそれぞれの立場から政策や国会運営について意見を交わしました。","皇室典範改正案を含む重要法案の審議が近づく中、与野党の論戦が注目されています。","国政の今後の方向性と政策決定への影響を見極める機会となります。","政治動向の理解や関連分野への影響評価に有用です。","4"
"2026-07-07","20260707-work-fbe5464e","work","AI・テック","NVIDIA Newsroom","2026-07-07","2026-07-07","オンライン公開","NVIDIAとHugging Face","NVIDIAとHugging FaceがLeRobotに新モデルとフレームワークを提供しオープンロボティクスを推進","NVIDIAとHugging Faceが協力し、人型ロボット向けのオープンAIモデルやロボット開発フレームワークをLeRobotに統合した。これによりロボット開発者が統一された環境で革新を促進できる。","https://blogs.nvidia.com/blog/hugging-face-lerobot-models-frameworks-open-robotics/","https://iprsoftwaremedia.com/219/files/202607/98920b727045b5c12b56c2d117e9a63f/6a4c96153d63325b54c655da_nv-gr00t-e2r-letobot-2up-KV-r2-1600x900-1-842x450/nv-gr00t-e2r-letobot-2up-KV-r2-1600x900-1-842x450_thmb.jpg","","NVIDIAとHugging Faceは、オープンソースのロボティクスライブラリLeRobotにNVIDIA Isaac GR00T 1.7モデルやIsaac Teleopフレームワークを導入。さらにNVIDIA Cosmos 3の統合も計画中で、ロボット開発のアクセシビリティと標準化を促進する。","物理的AI開発は資源やデータセットの分断などの課題があり、オープンイノベーションが求められている。LeRobotはロボティクス開発のオープンソース基盤であり、NVIDIAとHugging Faceの技術導入でその機能が強化された。","ロボティクス分野でのオープンモデル統合が今後の物理AIイノベーションの加速にどう寄与するか。開発者の参入障壁低減や標準化への影響を注視。","製造業DXや物理AI活用を検討する企業は最新のオープンロボティクスモデルや開発ツールの活用を考慮し、開発効率化やコスト削減を図るとよい。","5"
"2026-07-07","20260707-work-0e161c8e","work","ゲーミフィケーション","PR TIMES","2026-07-07","2026-08-04","東京都中央区京橋","公益社団法人子どもの発達科学研究所","いじめ重大化を防ぐポイントに関する東京セミナーとリアル相談会を開催、教育関係者にも対象拡大","公益社団法人子どもの発達科学研究所が、いじめの深刻化防止を目的とした教育関係者向けのワークショップ形式セミナーと相談会を8月4日に開催する。","https://prtimes.jp/main/html/rd/p/000000034.000076724.html","https://prcdn.freetls.fastly.net/release_image/76724/34/76724-34-e890ad209773c089f8a85910a0774231-920x450.png?format=jpeg&auto=webp&fit=bounds&width=2400&height=1260","","8月4日に東京で「いじめの重大化を防ぐためのポイント」をテーマに無料セミナーとリアル相談会を開催。対象者を教育委員会や自治体関係者に加え学校関係者にも拡大。和久田学所長がワークショップを実施し、実践的対応法を解説する。","こども家庭庁委託事業として、いじめ解消の仕組みづくりに取り組んできた成果を踏まえ、現場で活用できる手引きや事例集の活用法を共有し、教育現場の対応力向上を図る。","教育関係者の参加拡大により、いじめ防止施策の実効性強化や各地での導入状況の進展に期待される。相談会での個別課題への対応も注目される。","教育関係者は最新の実践事例と手引きに基づく研修を活用し、学校でのいじめ対策を強化することが求められる。ワークショップ参加が効果的。","4"
"2026-07-07","20260707-work-ef703a20","work","AI・テック","PR TIMES","2026-07-07","2026-07-07","東京都港区","イー・ガーディアン株式会社","BPO現場の全スーパーバイザー130名に生成AI「Claude Code」導入、200件近い業務改善ツールを開発中","イー・ガーディアンは生成AIを使って、BPO現場のスーパーバイザーが自律的にツール開発できる環境を提供。顧客システムを変えずに業務効率化を実現し、既に多数の改善ツールが生まれている。","https://prtimes.jp/main/html/rd/p/000000422.000018759.html","https://prcdn.freetls.fastly.net/release_image/18759/422/18759-422-79b00de8120cffbf4ed589d4c2eeaadd-612x124.jpg?format=jpeg&auto=webp&fit=bounds&width=2400&height=1260","","同社はBPO業界の課題解決のため全130名のスーパーバイザーに生成AIコーディングツール「Claude Code」環境を提供。日本語指示で業務フローツールが開発可能となり、既に約200件の業務改善ツールが現場から生まれている。","BPO業務は顧客の管理ツール利用が多いが、既存システムを改修せずに現場発の改善を可能にする仕組みがなかった。生成AI導入で現場主導の改善が加速している。","現場が主体でのAI活用が進展し、今後どの程度業務効率化や品質向上に寄与するか。また同種の取り組みの他業界への波及も注目。","AI活用による業務改善ツール開発を促進し、従来のIT連携課題を解消する方法として注目できる。類似業務のDX推進に示唆あり。","5"
"2026-07-07","20260707-work-8ea64372","work","AI・テック","PR TIMES","2026-07-07","2026-07-04","オンライン募集","クレディセゾンとVisa","歌い手Adoの世界観を反映した「SAISON CARD Digital＜Ado＞」を期間限定で募集開始","クレディセゾンとVisaが人気歌手Adoの世界観をもとにした初のコラボクレジットカードの募集を活動に合わせて期間限定で開始。カード利用者向け特典や限定グッズ販売も実施。","https://prtimes.jp/main/html/rd/p/000000407.000004442.html","https://prcdn.freetls.fastly.net/release_image/4442/407/4442-407-c576a0dfa172fb1afa66ad97fd5f93bd-575x378.png?format=jpeg&auto=webp&fit=bounds&width=2400&height=1260","","2026年7月4日より、Adoの世界観をテーマにしたオリジナルデザインのクレジットカードの募集を期間限定で開始。入会特典や限定グッズのプレゼントキャンペーンも用意し、ファンに向けて特別な顧客体験を提供する。","音楽・エンターテインメント分野と連携したカード発行は顧客体験拡充の一環であり、ブランドイメージ向上とファン層への認知拡大を狙う。","カード利用促進やファンコミュニティへの影響、他アーティストや企業とのコラボ事例への展開にも注目。","エンタメと金融サービスの融合事例として、顧客体験企画やデザイン性を重視する企業に参考となる。","3"
"2026-07-07","20260707-work-b5233ad9","work","AI・テック","PR TIMES","2026-07-07","2026-07-01","東京都台東区","八千代エンジニヤリング株式会社と株式会社コアコンセプト・テクノロジー","設計者専用AIアシスタント「TERNO」一般販売開始、AIによる図面差分抽出や検索機能で設計業務効率化","設計技術者の業務負担を軽減するAIツール「TERNO」が7月1日から一般販売を開始。AIで図面の修正差分を抽出し、検索も可能。従来作業の約30％効率化が確認されている。","https://prtimes.jp/main/html/rd/p/000000012.000177686.html","https://prcdn.freetls.fastly.net/release_image/177686/12/177686-12-d83c85fb3dc16a3e7072fc9f01a86f30-1775x600.jpg?format=jpeg&auto=webp&fit=bounds&width=2400&height=1260","","八千代エンジニヤリングが開発したAIアシスタント「TERNO」を、コアコンセプト・テクノロジーが保守・販売。図面管理を自動化しAIで差分抽出・検索を実現。7月1日より一般販売を開始し、設計・照査業務の効率化に寄与。","設計業務は人手による差分チェックや版管理に多くの工数とリスクがあり、AI活用による業務効率化ニーズが高まっていた。","導入効果の実証やユーザーの反響、今後の機能拡充や他分野への横展開状況などに注目。","設計・製造業のDX推進施策としてAIアシスタント導入を検討する上で有用な事例。","5"
"2026-07-07","20260707-society-1fa28003","society","国内情勢","NHK 主要ニュース","2026-07-07","2026-07-07","衆議院","高市総理大臣、日本維新の会吉村代表","衆議院で与野党対立続く、与党は党首会談実施、野党は連携を確認","衆議院での与野党対立が続く中、高市総理大臣と日本維新の会の吉村代表が党首会談を行い国会終盤の対応策などについて協議。野党側も国会対策委員長らが連携方針を確認した。","https://news.web.nhk/newsweb/na/na-k10015170661000","https://imgu.web.nhk/news/u/news/html/20260707/K10015170661_2607071800_0707180916_01_02.jpg","","与党は終盤国会の対応や衆議院の定数削減法案の取り扱いを協議すべく党首会談を実施。野党は衆参両院の委員長が会談し、法案の対応などで連携強化を図る方針を共有。","衆議院で重要法案の審議が進展しておらず与野党の対立が激化。議会運営上の協力が課題となっている。","国会運営や重要法案の今後の展開、政治的な妥協や対立の動向に注目が集まる。","政治動向を注視し、法案審議や政策対応の最新情報を把握することが重要。","4"
"2026-07-07","20260707-society-d5f52696","society","印刷・製造業","NHK 主要ニュース","2026-07-07","2026-07-07","静岡県","鈴木静岡県知事、JR東海","リニア中央新幹線の静岡県内着工容認、自然環境保全協定締結へ","静岡県の鈴木知事が県議会で、リニア中央新幹線の県内区間着工の前提となる自然環境保全協定をJR東海と締結する方針を表明。これにより工事再開が進む見込みとなった。","https://news.web.nhk/newsweb/na/na-k10015170621000","https://imgu.web.nhk/news/u/news/html/20260707/K10015170621_2607071628_0707164913_01_03.jpg","","県議会の全員協議会で鈴木知事が保全協定締結方針を示し、県内での工事着工を事実上容認。これに基づきJR東海と締結作業が進み、長年の遅延が解消へ向かう。","リニア工事は環境保全協定未締結が工事停滞の大きな原因となっていた。自然保護区域への配慮と協定締結で進捗が期待される。","工事着工による地域への影響や今後の環境保全措置、工事進展のスケジュールに注目。","インフラ関連事業者は今後の進捗動向を注視し、環境対応策を進化させることが求められる。","4"
"2026-07-08","20260708-work-e1bd68a1","work","AI・テック","PR TIMES","2026-07-08","2026-07-08","東京都新宿区","株式会社ヘッドウォータース","ヘッドウォータース、AIの判断を物理世界へ安全につなぐ実行基盤「Physical AI Harness」構想と独自方法論「SDI for AI Harness」を提唱","ヘッドウォータースは製造業の現場向けに、安全性・説明性を担保したフィジカルAI実行基盤の構想と方法論を発表し、社会実装に挑む。","https://prtimes.jp/main/html/rd/p/000000329.000018045.html","https://prcdn.freetls.fastly.net/release_image/18045/329/18045-329-f278ca75284ec673431016c99c1aef14-1536x1024.jpg?format=jpeg&auto=webp&fit=bounds&width=2400&height=1260","フィジカルAIの社会実装に向けた独自構想「Physical AI Harness」を説明","同社は2026年7月8日、AIの判断を物理世界に安全かつ説明可能に反映させる実行基盤「Physical AI Harness」構想と、方法論「SDI for AI Harness」を発表した。製造業の工場現場を起点に安全性・説明性・現場知の構造化を一体化した基盤確立を目指す。","フィジカルAIは実物経済全域の成長領域だが、安全・シックスシグマ品質、グローバル人材課題からPoC段階で止まるケースが多い。実装基盤構築が市場ボトルネックとなっている。","【要約】製造業中心のフィジカルAI実装基盤構想が発表された。 【論点】安全性・説明性確保が実装のカギ。 【次に見る】基盤採用事例や実装効果の公表。","【活用例】【活用例】製造業DX提案資料の実装課題分析に活用。【メリット】顧客とのハードル議論を具体化可能。【注意点】現時点は構想段階、実績データは限定的。【今後】事例増加と基盤の標準化進展に注目。【メリット】単なる事例紹介ではなく、どの業務・部署・顧客課題に効くのかを議論する入口にできる。【注意点】発表内容だけでは導入効果や費用対効果が十分に分からない場合があるため、実績値・対象業務・運用体制を追加確認する必要がある。【今後】導入企業数、継続率、価格、競合比較、実証結果や顧客事例が公開されるかを追う。","5"
"2026-07-08","20260708-work-a7eb349a","work","AI・テック","PR TIMES","2026-07-08","2026-07-08","大阪府吹田市","株式会社エフアンドエム","会計事務所専用AI「F&M One GeNNect」が導入500事務所を突破。選ばれ続ける理由を、実務活用セミナー動画で無料公開。","会計事務所向け生成AIプラットフォームが導入500事務所を突破し、実務活用セミナーを無料公開。実務への導入の理解促進を図る。","https://prtimes.jp/main/html/rd/p/000000141.000029825.html","https://prcdn.freetls.fastly.net/release_image/29825/141/29825-141-a82ecebfb299de004ef190f18f9e3dac-1916x821.png?format=jpeg&auto=webp&fit=bounds&width=2400&height=1260","生成AIの業務活用を解説するセミナー動画の画面","2026年7月8日、会計事務所専用の生成AIプラットフォーム「F&M One GeNNect」が、約8カ月で500事務所の導入を突破したことを発表、活用セミナー動画を無料公開した。","会計業務の効率化・高度化に生成AIの導入が進むなか、実務にフォーカスした活用方法の普及が課題となっている。コミュニティを活用した知見共有も活発。","【要約】会計事務所向け生成AIの導入が加速し、セミナーで活用法を公開。 【論点】生成AI導入の実務適用と効果検証。 【次に見る】利用事務所の具体的な効果事例の発表。","【活用例】【活用例】会計士・税理士向けAI活用提案資料作成に。【メリット】導入事例や操作画面の説明で信頼性向上。【注意点】動画内の特典条件を確認が必要。【今後】コミュニティの知見拡充と連携強化を注視。【メリット】単なる事例紹介ではなく、どの業務・部署・顧客課題に効くのかを議論する入口にできる。【注意点】発表内容だけでは導入効果や費用対効果が十分に分からない場合があるため、実績値・対象業務・運用体制を追加確認する必要がある。【今後】導入企業数、継続率、価格、競合比較、実証結果や顧客事例が公開されるかを追う。","4"
"2026-07-08","20260708-work-5da63035","work","AI・テック","PR TIMES","2026-07-08","2026-07-08","愛媛県松山市","TISI株式会社、伊予銀行","TISI、伊予銀行のCRMデータを活用し、生成AIによる営業高度化に向けた実証実験を開始","TISIと伊予銀行はCRMデータを用いて生成AIを活用した営業支援の実証実験を10月から開始し、提案品質と生産性の向上を目指す。","https://prtimes.jp/main/html/rd/p/000001946.000011650.html","https://prcdn.freetls.fastly.net/release_image/11650/1946/11650-1946-9f8d9260f57315b5b9f2f7bb1a5cf8b3-1386x792.png?format=jpeg&auto=webp&fit=bounds&width=2400&height=1260","生成AIをCRMに活用し営業高度化を目指すプロジェクト","TISIと伊予銀行はCRMデータに生成AIを適用し、営業提案の高度化と業務生産性向上を共同で検証する実証実験を2026年10月から開始すると発表した。","金融機関における生成AI活用は期待が高まるがセキュリティ・リテラシーの課題もある。伊予銀行は既存CRMを活用しAI高度化を図るためPoCを実施。","【要約】銀行のCRM情報に生成AIを活用し営業効率化を検証開始。 【論点】金融分野での業務特化型AI適用の安全性・効果。 【次に見る】実証実験の成果報告と営業現場の反応。","【活用例】金融業界向けAI導入提案で、CRM連携モデルの事例として。【メリット】顧客情報活用のAI付加価値提示が可能。【注意点】実証段階の成果による効果検証が必要。【今後】業務特化AIの金融実装拡大と標準化に注目。","4"
"2026-07-08","20260708-work-8f89c037","work","印刷・製造業","PR TIMES","2026-07-08","2026-07-15","東京都渋谷区宮下公園","一般社団法人渋谷未来デザイン、KDDI株式会社","渋谷未来デザイン、公共空間を舞台にした参加型XRアートイベントを開催！「SHIBUYA XR ART PARK」","渋谷未来デザインとKDDIは、5Gミリ波を活用した宮下公園での参加型XRアートイベントを7月15日に開催し、都市空間に新たな体験を創出。","https://prtimes.jp/main/html/rd/p/000000417.000033690.html","https://prcdn.freetls.fastly.net/release_image/33690/417/33690-417-23eec4e909849559696a9c489273027e-3900x2212.jpg?format=jpeg&auto=webp&fit=bounds&width=2400&height=1260","宮下公園で開催されるXRを活用した参加型アートプロジェクトの様子","2026年7月15日、渋谷未来デザインはKDDI協力のもと、渋谷区宮下公園でミリ波×AR共創実証実験を兼ねた参加型XRアートイベントを開催する。来場者もARキャンパスに描画参加。","都市の持続可能なスポーツ・文化形成を目指す渋谷未来デザインの「Shibuya Playground」の一環。5Gミリ波のユースケース創出と連動し新たな都市体験を提供。","【要約】公共空間で5G×ARの参加型XRアートイベントが実施。 【論点】公共空間のデジタル体験創出と都市DX促進。 【次に見る】実証結果の社会実装・事業展開動向。","【活用例】地方創生や都市イベント企画提案に技術事例として紹介。【メリット】5G活用による新規顧客接点創出策として説得力強化。【注意点】エンターテインメント寄りでビジネス化状況を確認要。【今後】類似都市型XR企画の横展開・実用化進展に注目。","3"
"2026-07-08","20260708-work-5f33e6ab","work","印刷・製造業","PR TIMES","2026-07-08","2026-07-28","オンライン","パーソルテンプスタッフ株式会社","設計事務所向け無料DXツール「アーキタッグ『プロジェクト管理ツール』」紹介セミナー vol.2開催","設計事務所の経営管理の課題を解決し、エクセル依存から脱却する無料のDXツール紹介セミナーが7月28日にオンライン開催される。","https://prtimes.jp/main/html/rd/p/000000491.000071141.html","https://prcdn.freetls.fastly.net/release_image/71141/491/71141-491-b660148b8f00200f35ac9ed6306403cd-1840x900.jpg?format=jpeg&auto=webp&fit=bounds&width=2400&height=1260","設計事務所向けプロジェクト管理ツールの画面イメージ","設計事務所向けに特化開発された無料DXツール「アーキタッグ『プロジェクト管理ツール』」を紹介するオンラインセミナーが7月28日に開催される。スケジュールや支払い予定の一元管理方法を紹介する。","案件管理の複雑化やバラバラなエクセル運用による管理課題を踏まえ、全国の設計事務所の声をもとに開発された専用ツールによる業務改善を進める試み。","【要約】エクセル管理からの脱却を目指す設計事務所向けDXツールの紹介セミナー。 【論点】業界特化ツールによる経営管理効率化効果。 【次に見る】参加者のツール導入決定動向や利用効果。","【活用例】設計事務所向けDX提案・営業資料に実例として引用。【メリット】特化設計による業務効率化提案の説得材料になる。【注意点】無料ツールだがカスタマイズ範囲・サポートを確認要。【今後】利用拡大と導入プロセス改善の推移に注目。","3"
"2026-07-08","20260708-society-a01408e9","society","国内情勢","NHK 経済ニュース","2026-07-02","2026-07-02","日本・インド","日本政府、インド政府","日本とインドが蓄電池供給網の強化で協力 覚書に署名","日本とインド政府は電気自動車向け蓄電池のサプライチェーン強化で協力する覚書に署名し、日本企業のインド市場進出を支援する。","https://news.web.nhk/newsweb/na/na-k10015167491000","https://imgu.web.nhk/news/u/news/html/20260702/K10015167491_2607022144_0702220342_01_02.jpg","日本とインドの政府関係者が覚書に署名する様子","2026年7月2日、日本とインドはEV需要拡大を背景に蓄電池の供給網を強化するための協力覚書に署名した。これにより日本企業のインド参入を後押しする。","インドのEV市場拡大に伴い、安定的な蓄電池供給が不可欠となり、両国政府が戦略的に連携、サプライチェーン強靭化を推進している。","【要約】日印両政府が蓄電池供給網強化で協力覚書を交わした。 【論点】日本企業のインド市場進出促進とサプライチェーン強化。 【次に見る】協力具体策と投資、参入企業の動向。","【意味】【意味】成長市場インドにおける日本企業の競争力強化の足掛かり。 【影響】国内外の蓄電池関連サプライチェーン再編を促進。 【リスク】政策変動や技術進展の速さによる対応負荷。 【今後】連携深化と具体的事業展開の注視が必要。【影響】提案冒頭で「なぜ今この論点が重要か」を説明し、対象業界の優先課題を整理しやすくなる。【リスク】政策・国際情勢系のニュースは実行策に落とすまでに追加情報が必要で、企業別の影響度や対象業界を確認する必要がある。【今後】具体的な制度設計、参加企業、投資額、導入時期、関連企業の発表が出るかを追う。","4"
"2026-07-08","20260708-society-715a30fc","society","国内情勢","NHK 政治ニュース","2026-07-02","2026-07-02","日本","日本政府","政府 海外からの直接投資呼び込む政策パッケージを決定","日本政府は海外ベンチャーキャピタルの国内スタートアップ共同出資の規制緩和などを盛り込んだ政策パッケージを決定、投資促進を図る。","https://news.web.nhk/newsweb/na/na-k10015167191000","https://imgu.web.nhk/news/u/news/html/20260702/K10015167191_2607021503_0702160440_01_02.jpg","政府関係者が政策パッケージについて説明する様子","2026年7月2日、日本政府は海外からの直接投資を呼び込むため、規制緩和を含む政策パッケージを決定した。特にベンチャーキャピタルの国内スタートアップ出資支援が盛り込まれた。","日本のスタートアップ資金調達環境の強化やグローバル競争力向上を目的とし、海外資本の参入障壁を緩和する動きが進む。","【要約】海外投資促進を目指す日本政府の規制緩和策が決定。 【論点】スタートアップ支援強化とグローバル資本誘致。 【次に見る】規制変更の実務影響と企業の対応状況。","【意味】【意味】国内市場の活性化と国際競争力の向上を支援。 【影響】スタートアップや投資環境の国際標準化進展に寄与。 【リスク】規制緩和によるリスク管理の適正化課題。 【今後】施策効果と規制対応の動向を継続監視すべき。【影響】提案冒頭で「なぜ今この論点が重要か」を説明し、対象業界の優先課題を整理しやすくなる。【リスク】政策・国際情勢系のニュースは実行策に落とすまでに追加情報が必要で、企業別の影響度や対象業界を確認する必要がある。【今後】具体的な制度設計、参加企業、投資額、導入時期、関連企業の発表が出るかを追う。","4"
"2026-07-09","20260709-work-ee2a239d","work","AI・テック","PR TIMES","2026-07-09","2026-07-09","東京都中央区、東京都港区","サークレイス株式会社、ゼンフォース株式会社","サークレイスとゼンフォース、Salesforce領域で包括的提携を開始","サークレイスとゼンフォースがSalesforce領域で連携し、エンタープライズから中小企業までの導入・運用支援を強化。AI時代の課題解決に向けた革新的ソリューションも推進。","https://prtimes.jp/main/html/rd/p/000000087.000071975.html","https://prcdn.freetls.fastly.net/release_image/71975/87/71975-87-253e70551d82aa2f3c549cb19eb5194a-1623x1083.png?format=jpeg&auto=webp&fit=bounds&width=2400&height=1260","","両社は協業を開始し、各規模企業に対するSalesforceの導入から運用・定着支援の体制を強化した。AIエージェントを活用した新たなサービス提供も目指す。","DX推進の加速とAI活用向け社会課題解決を背景に、大企業・中小企業双方に対応できる総合的なSalesforce支援体制が求められている。","【要約】Salesforce支援の包括提携で企業DXを加速。【論点】大企業と中小企業双方のニーズを満たす支援体制。【次に見る】協業の具体的な成果やAIソリューションの展開状況。","【活用例】Salesforce導入支援提案時の体制強化事例として資料に。【メリット】広範な企業層に対応可能な体制を示せる。【注意点】実績の詳細データは今後の公表を待つ必要あり。【今後】両社の協力による新サービスや顧客事例の動向注視。","5"
"2026-07-09","20260709-work-cb0f622e","work","印刷・製造業","PR TIMES","2026-07-09","2026-07-09","東京都渋谷区、全国","株式会社カナミックネットワーク","カナミックネットワークが「看護DXアワード2026」にて「訪問看護部門賞」を受賞！～看護現場の未来を切り拓くデジタル改革が評価～","カナミックネットワークの訪問看護向けクラウドサービスが看護DXアワードで訪問看護部門賞を受賞し、業務効率化と看護の質向上に寄与。","https://prtimes.jp/main/html/rd/p/000000089.000050437.html","https://prcdn.freetls.fastly.net/release_image/50437/89/50437-89-17b3375a6bf7bce7fcb96905c5f12d74-397x281.jpg?format=jpeg&auto=webp&fit=bounds&width=2400&height=1260","","訪問看護計画書や帳票作成時間が大幅に短縮され、AIを活用した訪問ルート作成で移動距離削減も実現した取り組みが評価された。","医療・介護現場でのDX推進により、看護師の働き方改革や患者ケアの質向上に資する高度なデジタル技術が求められている。","【要約】訪問看護のDX推進を評価した賞の受賞事例。【論点】業務効率化と看護品質向上を両立するAI技術の活用。【次に見る】他の医療現場でのDX適用事例や効果測定の進展。","【活用例】医療・介護DX提案資料に看護現場でのAI活用成功例として。【メリット】実業務での具体的な工数削減データを提示可能。【注意点】特定分野に限定されており他領域の汎用性検討が必要。【今後】介護分野含む更なるDX拡大動向と顧客事例収集。","5"
"2026-07-09","20260709-work-d7d8758f","work","印刷・製造業","PR TIMES","2026-07-09","2026-07-09","三重県いなべ市、北海道小樽市","株式会社きもと、株式会社KOO","【創業70年、ワクワクを生み出す製造業 きもと】SPLAT TWIN共同研究先の株式会社KOOが「デジタル大臣賞」「NIKKEI THE PITCH賞」をダブル受賞","株式会社KOOが高精細3D空間データ生成技術を活用したサービスで二つの賞を受賞。製造業のデジタルアーカイブや設備管理での活用を推進。","https://prtimes.jp/main/html/rd/p/000000055.000141348.html","https://prcdn.freetls.fastly.net/release_image/141348/55/141348-55-3ff20d656de289012d519cb25d63edd0-1824x1484.jpg?format=jpeg&auto=webp&fit=bounds&width=2400&height=1260","","KOOがSPLAT TWIN技術を使い、写真や動画からリアルな3Dモデルを生成するサービスで技術と活用性が評価され受賞。","デジタルツインや3Dデータ活用による製造設備や文化財管理など、多様な産業分野におけるDX推進のニーズが拡大。","【要約】製造業DXの具体例として先端3D技術による受賞。【論点】リアルで高精度な3Dデータがアセット管理の効率化に寄与。【次に見る】実際の導入現場での効果測定や導入障壁の分析。","【活用例】製造業向けDX/Webinar資料で最新の3D技術事例として紹介。【メリット】設備保守やインフラ点検向け提案に説得力を持たせられる。【注意点】専用技術のため対象業界の限定がある点に留意。【今後】他業種拡大や他技術との連携事例を注視。","4"
"2026-07-09","20260709-work-6071923d","work","AI・テック","PR TIMES","2026-07-09","2026-07-09","宮城県仙台市","株式会社シンカ、ホンダモビリティ東北株式会社","シンカ、ホンダモビリティ東北における「カイクラ」活用事例を公開","ホンダモビリティ東北が顧客対応品質向上のためAI統合プラットフォーム「カイクラ」を導入し、顧客満足度が改善。業務効率化にも寄与。","https://prtimes.jp/main/html/rd/p/000000291.000016795.html","https://prcdn.freetls.fastly.net/release_image/16795/291/16795-291-17059c81c41063f0496a643d12e38fe8-3900x2517.jpg?format=jpeg&auto=webp&fit=bounds&width=2400&height=1260","","電話応対の属人化を解消し、担当者不在時でも対応が途切れず、情報共有がスムーズになったことで顧客満足度が10.4ポイント上昇。","顧客対応のデジタル化やAI活用は統合的なサービス品質向上の課題解決に有効であり、中規模ディーラーなどでの導入が拡大中。","【要約】代理店の顧客対応改革にAIプラットフォームが効果。【論点】顧客情報共有と応対品質の均一化の実現。【次に見る】他地域・業種での展開事例や導入ROI。","【活用例】顧客対応改善提案やCRMシステム導入時の成功事例資料に。【メリット】具体的な数値で効果を示せるため説得力が高い。【注意点】特定企業ケースのため規模や業種差の影響考慮が必要。【今後】AI連携によるさらなる顧客体験向上サービスの進展。","4"
"2026-07-09","20260709-work-c95cc4ab","work","AI・テック","PR TIMES","2026-07-09","2026-07-09","東京都","株式会社テンプロクシー","評価AIは今、Lv3の壁に直面している。メタ評価AI「eval000」事業、自動評価アウトソーシングサービス「eval000 Essential」を提供開始","評価AIの現状課題に挑むメタ評価AIプラットフォーム「eval000」の事業を開始し、精度の高い自動評価アウトソーシングサービスを提供。","https://prtimes.jp/main/html/rd/p/000000011.000062955.html","https://prcdn.freetls.fastly.net/release_image/62955/11/62955-11-d84fb533f81b402dc50f10055c52eec2-276x182.png?format=jpeg&auto=webp&fit=bounds&width=2400&height=1260","","人間の逐次承認が必要な現状の評価AI（Lv3）から、原理設定と最終判断に集中する人間（Lv4）への進化を目指す設計のメタ評価AIを発表。","生成AIの評価自動化需要が増す一方、信頼性の課題で人間の介入が必須な現状、効率向上と判断責任の軽減を求める市場背景。","【要約】評価AIの信頼性向上を目指した新サービスの提供開始。【論点】Human-in-the-LoopからHuman-in-Commandへの転換。【次に見る】サービス導入事例と実評価精度の公表。","【活用例】AI評価改善提案やプロジェクト立案時に最新技術として活用。【メリット】評価の信頼性問題を検討する議論の起点になる。【注意点】まだサービス初期段階で実績蓄積が限定的。【今後】実運用データの公開と産業界への普及状況を注視。","4"
"2026-07-09","20260709-society-0d41f6c7","society","AI・テック","NHK 経済ニュース","2026-07-07","2026-07-07","日本国内","メガバンク3行","メガバンク 中小企業向けサービス強化の動き相次ぐ","メガバンク3行がAI活用の決済など中小企業向け金融サービスを強化し、金利上昇環境での顧客獲得競争を激化させている。","https://news.web.nhk/newsweb/na/na-k10015170411000","https://imgu.web.nhk/news/u/news/html/20260707/K10015170411_2607070007_0707054437_01_02.jpg","","メガバンクは中小企業への取引拡大を狙い、AI導入による金融サービスの質や効率を高める取り組みを推進中。","金融業界は低金利時代の終焉で収益構造見直しが急務となり、中小企業市場での競争力強化が重要な戦略課題となっている。","【意味】AIで中小企業金融サービスを革新し競争優位を狙う動き。【影響】中小企業の金融アクセスや利便性が向上する可能性。【リスク】AI過信の誤判断やシステムトラブルによるサービス影響。【今後】各行のAIサービス展開内容と利用実態を注視。","【意味】【意味】中小企業金融領域でのAI適用が顕著に進展。【影響】競合優位確保と顧客基盤拡大戦略に影響あり。【リスク】AI運用の品質管理や説明責任の徹底が課題。【今後】機能進化と利用拡大、規制動向に注目。【影響】提案冒頭で「なぜ今この論点が重要か」を説明し、対象業界の優先課題を整理しやすくなる。【リスク】政策・国際情勢系のニュースは実行策に落とすまでに追加情報が必要で、企業別の影響度や対象業界を確認する必要がある。【今後】具体的な制度設計、参加企業、投資額、導入時期、関連企業の発表が出るかを追う。","4"
"2026-07-09","20260709-society-4717f9cd","society","AI・テック","NHK 政治ニュース","2026-07-08","2026-07-08","日本","参議院特別委員会、自民党、維新、国民民主、チームみらい","個人情報保護法改正案 参議院特別委員会で可決","生成AI開発促進のため個人情報取得規制緩和を含む改正個人情報保護法案が参議院特別委で賛成多数で可決された。","https://news.web.nhk/newsweb/na/na-k10015171871000","https://imgu.web.nhk/news/u/news/html/20260708/K10015171871_2607081558_0708163629_01_02.jpg","","改正法案はAI関連の個人情報取得を柔軟化しつつ、不当な個人情報販売への課徴金制度も導入する内容で可決された。","AI技術の急速な発展により、データ利活用と個人情報保護のバランス確保が政策課題となっている。","【意味】AI開発向け規制緩和と個人権利保護強化を同時に進める法改正。【影響】AI産業の成長促進と個人情報リスク管理の両立が期待される。【リスク】利用ルールの不明瞭さや違反監視体制の課題存在。【今後】運用基準の具体化と違反対応の実態に注目。","【意味】【意味】AIデータ利活用環境の法的基盤が整備。【影響】AI開発企業の法令遵守とコンプライアンス対応に影響大。【リスク】過剰規制回避と個人情報保護の仕組み構築が必要。【今後】ガイドライン策定と業界自主ルール形成を注視。【影響】提案冒頭で「なぜ今この論点が重要か」を説明し、対象業界の優先課題を整理しやすくなる。【リスク】政策・国際情勢系のニュースは実行策に落とすまでに追加情報が必要で、企業別の影響度や対象業界を確認する必要がある。【今後】具体的な制度設計、参加企業、投資額、導入時期、関連企業の発表が出るかを追う。","5"
"2026-07-10","20260710-work-99dced3c","work","AI・テック","PR TIMES","2026-07-10","2026-07-10","東京都千代田区","ビープラッツ株式会社、クウジット株式会社","ビープラッツ、クウジット、AI駆動開発に関連するAI設計支援基盤の構築業務支援に関する事業提携を発表","ビープラッツとクウジットが連携し、サブスクリプションプラットフォーム「Bplats®」でAI設計支援基盤の構築とサービス提供を開始。AI駆動開発のノウハウと基盤技術を共同展開する。","https://prtimes.jp/main/html/rd/p/000000060.000016281.html","https://prcdn.freetls.fastly.net/release_image/16281/60/16281-60-fdf8e4b4bcc9b8609a1e3e8e8a542476-567x246.png?format=jpeg&auto=webp&fit=bounds&width=2400&height=1260","AI設計支援基盤の共同構築を発表する両社","ビープラッツとクウジットは事業提携契約を結び、AI設計支援基盤の構築を共同で実施するサービスを開始。関連の詳細やホワイトペーパーを公開し、セミナーも開催予定。","AI駆動開発が非属人的継続開発を求める中、既存巨大コードの理解と更新に対応する設計基盤が必要とされている。両社のノウハウ集約は市場のAI導入促進に寄与する。","【要約】AI設計基盤の共同構築とサービス提供を開始【論点】非属人的に大規模コードの継続開発を支援する技術基盤の重要性【次に見る】関連セミナーの内容と顧客事例の公開状況","【活用例】AI駆動開発の提案資料に事業提携の事例を活用【メリット】実際のサービス展開に基づくノウハウ共有が可能【注意点】導入効果の定量データは公開待ちのため活用時注意【今後】セミナー参加と顧客導入事例の情報更新を継続確認する必要がある。","5"
"2026-07-10","20260710-work-f47b5a99","work","印刷・製造業","PR TIMES","2026-07-10","2026-07-10","神奈川県川崎市","ステアリテール株式会社","NECプラットフォームズのPOS関連事業を承継したステアリテール株式会社、「Mazrica Sales」を導入","ステアリテールが営業DXのため、マツリカの「Mazrica Sales」を導入し、営業活動の可視化と分析基盤構築を推進。次世代マネジメントの意思決定強化を狙う。","https://prtimes.jp/main/html/rd/p/000000233.000015189.html","https://prcdn.freetls.fastly.net/release_image/15189/233/15189-233-29b3a9238789632358e812f2a01b1325-1921x1081.png?format=jpeg&auto=webp&fit=bounds&width=2400&height=1260","営業DX基盤としてMazrica Salesを導入したステアリテール","ステアリテールはNECプラットフォームズのPOS事業を承継後、営業管理基盤の刷新を図りMazrica Salesを2026年4月に本格導入した。複数営業プロセスの管理を進めている。","報告集計業務の負荷や情報活用難度が課題となり、AI活用の営業分析基盤導入で迅速かつ適切な経営判断を目指す動きの一例。","【要約】営業DX基盤導入による営業活動の可視化推進【論点】営業データ活用の拡張とマネジメント層の意思決定支援【次に見る】導入効果の定量評価と追加機能展開の情報。","【活用例】営業DX提案で営業活動の可視化事例として紹介【メリット】次世代マネジメント層が顧客情報に基づく判断を促進可能【注意点】現在の運用開始からの実績蓄積には時間が必要【今後】AI活用分析強化や営業施策成果の可視化動向を注視。","4"
"2026-07-10","20260710-work-69b06358","work","AI・テック","PR TIMES","2026-07-10","2026-07-10","東京都江東区（東京ビッグサイト）","株式会社SIND","株式会社SIND、「看護DXアワード2026」にて「看護記録を変える力」部門賞を受賞--看護記録AI「Caretomo」が看護職の視点で評価","看護記録AIサービス「Caretomo」が実用性と労働負担軽減で評価され、「看護DXアワード2026」部門賞を受賞。導入病院で記録時間70％削減など効果も確認。","https://prtimes.jp/main/html/rd/p/000000004.000178638.html","https://prcdn.freetls.fastly.net/release_image/178638/4/178638-4-5f4b21de75beb031c8cd24d7d6f80ac6-3900x2600.jpg?format=jpeg&auto=webp&fit=bounds&width=2400&height=1260","看護DXアワードで部門賞を受賞したCaretomo","株式会社SINDは看護記録AI「Caretomo」により看護DXアワード2026の「看護記録を変える力」部門賞を受賞。東京ビッグサイトで表彰式が行われた。","看護業務の記録負担が問題視される中、AIを用いた音声入力と会話起点の記録作成技術が現場の負担軽減とケア時間増加に貢献。現場視点による評価が重要。","【要約】AI看護記録サービスが現場評価で表彰【論点】音声AIによる記録効率化と看護質向上の両立【次に見る】他医療現場への展開状況や運用効果の詳細。","【活用例】医療・介護業界向けDX提案資料に労働生産性向上事例として使う【メリット】現場負担軽減とケア質向上を同時に実現する具体例【注意点】医療現場特有の導入課題やコスト構造の理解が必要【今後】更なる多施設導入と定量データの更新を注視。","4"
"2026-07-10","20260710-work-5023b711","work","AI・テック","PR TIMES","2026-07-10","2026-07-10","東京都品川区","JTP株式会社","「Third AI 生成AIソリューション」、最新のGPT-5.6群に対応 ～高度な専門業務支援を実現し、生成AI活用の可能性をさらに拡大～","JTP株式会社の生成AIソリューションが最新OpenAIのGPT-5.6シリーズ全モデルに対応し、コーディングや専門業務支援のビジネス用途拡大を図る。","https://prtimes.jp/main/html/rd/p/000000063.000082223.html","https://prcdn.freetls.fastly.net/release_image/82223/63/82223-63-72e335fb18bc6ad5f3bfdbaa2ea50753-1200x600.png?format=jpeg&auto=webp&fit=bounds&width=2400&height=1260","Third AI 生成AIソリューションの最新モデル対応発表","JTPは生成AI製品で最新のGPT-5.6 Sol・Terra・Lunaモデル対応を完了。性能バランス異なる複数モデルで多様なビジネス課題に対応可能となった。","生成AIの高度化と業務適用範囲の拡大に伴い、複数特化モデルの活用が求められ、同社製品に迅速対応を実現。","【要約】最新生成AIモデルへの対応完了を発表【論点】多様な業務特性やコストニーズに応じたモデル選択の重要性【次に見る】導入事例の成果と追加機能開発の動向。","【活用例】生成AI活用提案で最新モデル対応実績を示し顧客安心材料に【メリット】多様なビジネス用途をモデル選択で最適化可能【注意点】モデル性能差の理解と運用コスト評価を併用すべき【今後】実際の適用シーン別の効果検証と活用拡大状況の追跡。","5"
"2026-07-10","20260710-work-9e0b0ad1","work","AI・テック","PR TIMES","2026-07-10","2026-07-10","東京都千代田区、米国サンフランシスコ","ホットリンクグループのNonagon Capital、株式会社ホットリンク","ホットリンクグループのNonagon Capital、企業とAIエージェントのためのデータ流通基盤「Nonagon Link」ベータ版を限定公開","企業データとAIエージェントをつなぐ「Nonagon Link」ベータ版を公開、データ利用に応じた収益化を実現し、AI経済圏の構築を支援する。","https://prtimes.jp/main/html/rd/p/000000448.000002235.html","https://prcdn.freetls.fastly.net/release_image/2235/448/2235-448-a817956f82e324c30d92b876e335b0e8-1280x720.jpg?format=jpeg&auto=webp&fit=bounds&width=2400&height=1260","AIエージェントと企業データを結ぶNonagon Link開発発表","ホットリンクとNonagon Capitalが共同で開発した「Nonagon Link」ベータ版を7月10日より国内限定で公開。企業データのAPI経由有償提供とAIエージェント利用連動収益化基盤を実現。","生成AIの普及でAIが経済活動の中核に進出、信頼できるデータアクセス環境の必然性が高まる中、両社の知見を融合した新基盤を展開。","【要約】企業・AIエージェント向けデータ流通基盤公開【論点】データ資産の活用促進とAI経済圏創出の可能性【次に見る】本基盤の登録事業者数、取引案件数、機能拡張状況。","【活用例】API連携データ活用やAIサービス連携の提案材料として活用【メリット】データ利用に応じた収益化と高品質データ供給を同時実現【注意点】ベータ版のため仕様変更と追加機能に留意必要【今後】正式版リリースと業界利用拡大の状況把握が鍵。","4"
"2026-07-10","20260710-society-70effccc","society","AI・テック","NHK 経済ニュース","2026-07-09","2026-07-09","日本（提携先：東京都大学発ベンチャー）","三菱自動車工業","三菱自 人型ロボット開発・量産化へ 東大発ベンチャーと提携","三菱自動車が東京大学発のベンチャーと提携し、ロボットとAIを融合した自律動作可能な人型ロボットを共同開発、量産化を目指す。","https://news.web.nhk/newsweb/na/na-k10015172991000","https://imgu.web.nhk/news/u/news/html/20260709/K10015172991_2607091942_0709200521_01_02.jpg","三菱自と東大発ベンチャーの人型ロボット共同開発発表","三菱自動車は東大発ベンチャーと提携し、周囲状況に応じ自律移動可能な人型ロボットの開発と量産化を進めることを発表。","フィジカルAI分野での技術融合が進むなか、自律動作ロボットの量産化は産業用ロボットやサービスロボット市場に新風を吹き込む試み。","【要約】【要約】人型自律ロボット開発と量産計画【論点】ロボットAI融合で新製品市場創出の可能性【次に見る】開発進捗と量産開始時期、実用化事例。【論点】対象業界への影響範囲、関連企業の投資・調達・提携の動き、制度化や予算化の有無が焦点になる。【次に見る】短期の報道で終わらず、具体的な制度設計、参加企業、導入時期、関連予算が出るかを確認する。","【意味】ロボティクスとAIの融合が産業応用拡大を促進【影響】製造業やサービス業で自律ロボット活用の拡大の可能性【リスク】多様な環境対応など技術課題と量産コストの高さ【今後】開発成果と量産効果の社会実装進展を注視。","4"
"2026-07-10","20260710-society-7d5d992d","society","AI・テック","NHK 政治ニュース","2026-07-10","2026-07-10","日本","日本政府","改正個人情報保護法成立 AI開発促進へ個人情報取得の規制緩和","AI開発促進のため個人情報を取得する際の規制緩和を含む改正個人情報保護法が参議院本会議で可決・成立。","https://news.web.nhk/newsweb/na/na-k10015173591000","https://imgu.web.nhk/news/u/news/html/20260710/K10015173591_2607101359_0710144238_01_02.jpg","改正個人情報保護法の成立を報じるニュース","AI開発推進に向け個人情報の取得規制を緩和する内容を含む改正個人情報保護法が参議院で可決・成立した。","AI技術の社会実装を加速するために規制見直しが求められており、開発基盤の情報取得面の障壁解消を目的とする政策対応。","【要約】個人情報取得規制の緩和を主軸とした関連法改正成立【論点】AI開発環境整備とプライバシー保護のバランス【次に見る】施行内容、運用指針の詳細と民間への影響。","【意味】【意味】AI開発加速に向けた法整備の前進を示す【影響】企業のAI開発データ取得が緩和され競争力向上機会【リスク】プライバシー保護の実効性維持に課題が残る【今後】運用ルール整備と改正影響のモニタリングが必要。【影響】提案冒頭で「なぜ今この論点が重要か」を説明し、対象業界の優先課題を整理しやすくなる。【リスク】政策・国際情勢系のニュースは実行策に落とすまでに追加情報が必要で、企業別の影響度や対象業界を確認する必要がある。【今後】具体的な制度設計、参加企業、投資額、導入時期、関連企業の発表が出るかを追う。","5"
